Name,Rarity,Level,Traits,Perception Mod,Special Senses,Languages,Base Skill Modifier,Special Skill Modifiers,Ability Mods,Items,Interaction Abilities,AC,TAC,AC Bonuses,TAC Bonuses,(T)AC Special,Fort Save,Fort Save bonuses,Reflex Save,Reflex Save Bonuses,Will Save,Will Save Bonuses,Saving throw bonuses,HP,Healing abilities,Immunities,Resistances,Weaknesses,Constant Aura Names,Constant Aura Desc,Defensive Ability Names,Defensive Ability Desc,Reactionary Ability Names,Reactionary Ability Desc,Speed,Speed special,Melee,Melee atk bonuses,Melee Traits,Melee Damages,Melee Damage Types,Melee Special,Ranged,Renged atk bonuses,Ranged Traits,Ranged Damage,Ranged Special,Ranged ranges,Spells,Innate?,Spell Preparation,Spell level,Spell DC,Spell Atk Bonus,Spell Points,Powers DC,Powers,Power Costs,Rituals,Offensive/Proactive Abilities,Action Cost,Offensive/Proactive Ability Descs
Animated Broom,Common,0,"Construct, Mindless, Small",-1,darkvision,-,-1,,"0,-1,0,-5,-5,-5",-,-,14,10,-2 when broken,-2 when broken,construct armor,4,-,1,-,-1,-,-,6,hardness 3,"asleep, bleed, disease, death effects, enervated, enfeebled, healing, mental, necromancy, nonlethal attacks, paralysis, poison, stun",-,-,-,-,Construct Armor,"Like other objects, an animated object has Hardness. This Hardness reduces any damage it takes by an amount of damage equal to the Hardness. The construct armor takes damage equal to the attack’s damage, and might become dented or broken. The construct’s AC and TAC might be lower when it’s broken. The construct armor can’t be entirely destroyed since it’s part of the creature’s construction.",-,-,15,-,bristles,7,-,1d4,bluedgeoning,dust,-,-,-,-,-,-,-,-,-,-,-,-,-,-,-,-,-,Dust,-,"A creature hit by the broom’s bristles must succeed at a DC 13 Fortitude save or spend its next action coughing. Even if hit by multiple dust attacks, the creature has to spend only 1 action coughing to clear the dust out. A creature that doesn’t breathe is immune to this effect."
Animated Bureau,Common,1,,,,,,,,,,,,,,,5,-,1,-,1,-,-,,,,,,,,,,,,,,,,,,,,,,,,,,,,,,,,,,,,,,,
Animated Armor,Common,2,,,,,,,,,,,,,,,6,-,2,-,2,-,-,,,,,,,,,,,,,,,,,,,,,,,,,,,,,,,,,,,,,,,
Animated Statue,Common,3,,,,,,,,,,,,,,,9,-,3,-,3,-,-,,,,,,,,,,,,,,,,,,,,,,,,,,,,,,,,,,,,,,,
Giant Animated Statue,Common,7,,,,,,,,,,,,,,,14,-,7,-,7,-,-,,,,,,,,,,,,,,,,,,,,,,,,,,,,,,,,,,,,,,,
Ankhrav,Common,3,,,,,,,,,,,,,,,8,-,6,-,5,-,-,,,,,,,,,,,,,,,,,,,,,,,,,,,,,,,,,,,,,,,
Banshee,Uncommon,13,,,,,,,,,,,,,,,18,-,23,-,24,-,-,,,,,,,,,,,,,,,,,,,,,,,,,,,,,,,,,,,,,,,
Barghest,Common,4,,,,,,,,,,,,,,,7,-,9,-,8,-,-,,,,,,,,,,,,,,,,,,,,,,,,,,,,,,,,,,,,,,,
Greater Barghest,Uncommon,7,,,,,,,,,,,,,,,13,,12,,12,,,,,,,,,,,,,,,,,,,,,,,,,,,,,,,,,,,,,,,,,
Bat Swarm,Common,1,,,,,,,,,,,,,,,3,,5,,1,,,,,,,,,,,,,,,,,,,,,,,,,,,,,,,,,,,,,,,,,
Giant Bat,Common,2,,,,,,,,,,,,,,,6,,6,,4,,,,,,,,,,,,,,,,,,,,,,,,,,,,,,,,,,,,,,,,,
Grizzly Bear,Common,3,,,,,,,,,,,,,,,8,,5,,5,,,,,,,,,,,,,,,,,,,,,,,,,,,,,,,,,,,,,,,,,
Cave Bear,Common,6,,,,,,,,,,,,,,,13,,9,,10,,,,,,,,,,,,,,,,,,,,,,,,,,,,,,,,,,,,,,,,,
Fire Beetle,Common,0,,,,,,,,,,,,,,,3,,2,,0,,,,,,,,,,,,,,,,,,,,,,,,,,,,,,,,,,,,,,,,,
Black Pudding,Common,7,,,,,,,,,,,,,,,14,,7,,7,,,,,,,,,,,,,,,,,,,,,,,,,,,,,,,,,,,,,,,,,
Bloodseeker,Common,0,,,,,,,,,,,,,,,2,,4,,1,,,,,,,,,,,,,,,,,,,,,,,,,,,,,,,,,,,,,,,,,
Boar,Common,2,,,,,,,,,,,,,,,7,,5,,4,,,,,,,,,,,,,,,,,,,,,,,,,,,,,,,,,,,,,,,,,
Pig,Common,0,,,,,,,,,,,,,,,4,,2,,1,,,,,,,,,,,,,,,,,,,,,,,,,,,,,,,,,,,,,,,,,
Boggard Scout,Common,1,,,,,,,,,,,,,,,5,,4,,3,,,,,,,,,,,,,,,,,,,,,,,,,,,,,,,,,,,,,,,,,
Brain Collector,Uncommon,8,,,,,,,,,,,,,,,13,,11,,12,,+1 conditional to saves vs. magic,,,,,,,,,,,,,,,,,,,,,,,,,,,,,,,,,,,,,,,
Bugbear Thug,Common,2,,,,,,,,,,,,,,,7,,6,,4,,,,,,,,,,,,,,,,,,,,,,,,,,,,,,,,,,,,,,,,,
Bugbear Fight,Common,3,,,,,,,,,,,,,,,7,,5,,4,,,,,,,,,,,,,,,,,,,,,,,,,,,,,,,,,,,,,,,,,
Bulette,Uncommon,8,,,,,,,,,,,,,,,15,,12,,10,,,,,,,,,,,,,,,,,,,,,,,,,,,,,,,,,,,,,,,,,
Bunyip,Common,3,,,,,,,,,,,,,,,8,,7,,5,,,,,,,,,,,,,,,,,,,,,,,,,,,,,,,,,,,,,,,,,
Caligni Creeper (Dark Creeper),Common,2,,,,,,,,,,,,,,,4,,7,,4,,,,,,,,,,,,,,,,,,,,,,,,,,,,,,,,,,,,,,,,,
Caligni Stalker (Dark Stalker),Common,4,,,,,,,,,,,,,,,6,,10,,6,,,,,,,,,,,,,,,,,,,,,,,,,,,,,,,,,,,,,,,,,
Camel,Common,1,,,,,,,,,,,,,,,5,,3,,2,,,,,,,,,,,,,,,,,,,,,,,,,,,,,,,,,,,,,,,,,
Bobcat,Common,0,,,,,,,,,,,,,,,2,,4,,0,,,,,,,,,,,,,,,,,,,,,,,,,,,,,,,,,,,,,,,,,
Leopard,Common,1,,,,,,,,,,,,,,,3,,5,,2,,,,,,,,,,,,,,,,,,,,,,,,,,,,,,,,,,,,,,,,,
Panther,Common,2,,,,,,,,,,,,,,,5,,7,,3,,,,,,,,,,,,,,,,,,,,,,,,,,,,,,,,,,,,,,,,,
Lion,Common,3,,,,,,,,,,,,,,,6,,8,,4,,,,,,,,,,,,,,,,,,,,,,,,,,,,,,,,,,,,,,,,,
Tiger,Common,4,,,,,,,,,,,,,,,9,,8,,5,,,,,,,,,,,,,,,,,,,,,,,,,,,,,,,,,,,,,,,,,
Smilodon,Common,5,,,,,,,,,,,,,,,12,,8,,6,,,,,,,,,,,,,,,,,,,,,,,,,,,,,,,,,,,,,,,,,
Giant Centipede,Common,0,,,,,,,,,,,,,,,4,,2,,1,,,,,,,,,,,,,,,,,,,,,,,,,,,,,,,,,,,,,,,,,
Chimera,Uncommon,8,,,,,,,,,,,,,,,15,,13,,11,,,,,,,,,,,,,,,,,,,,,,,,,,,,,,,,,,,,,,,,,
Choker,Common,2,,,,,,,,,,,,,,,5,,7,,4,,,,,,,,,,,,,,,,,,,,,,,,,,,,,,,,,,,,,,,,,
Cockatrice,Common,3,,,,,,,,,,,,,,,5,,8,,5,,,,,,,,,,,,,,,,,,,,,,,,,,,,,,,,,,,,,,,,,
Crocodile,Common,2,,,,,,,,,,,,,,,7,,5,,4,,,,,,,,,,,,,,,,,,,,,,,,,,,,,,,,,,,,,,,,,
Cyclops,Uncommon,5,,,,,,,,,,,,,,,12,,8,,8,,,,,,,,,,,,,,,,,,,,,,,,,,,,,,,,,,,,,,,,,
Deh-Nolo,Uncommon,14,,,,,,,,,,,,,,,21,,19,,25,+2 conditional to saves vs. mental,+1 conditional to saves vs. magic,,,,,,,,,,,,,,,,,,,,,,,,,,,,,,,,,,,,,,,
Boar Demon (Nalfeshnee),Common,14,,,,,,,,,,,,,,,25,,17,,23,,+1 conditional to saves vs. magic,,,,,,,,,,,,,,,,,,,,,,,,,,,,,,,,,,,,,,,
Blood Demon,Common,7,,,,,,,,,,,,,,,14,,11,,11,,+1 conditional to saves vs. magic,,,,,,,,,,,,,,,,,,,,,,,,,,,,,,,,,,,,,,,
Fire Demon,Rare,20,,,,,,,,,,,,,,,30,,30,,33,,+1 conditional to saves vs. magic,,,,,,,,,,,,,,,,,,,,,,,,,,,,,,,,,,,,,,,
Lust Demon,Uncommon,6,,,,,,,,,,,,,,,11,,10,,12,,+1 conditional to saves vs. magic,,,,,,,,,,,,,,,,,,,,,,,,,,,,,,,,,,,,,,,
Mutilation Demon,Uncommon,16,,,,,,,,,,,,,,,28,,22,,26,,+1 conditional to saves vs. magic,,,,,,,,,,,,,,,,,,,,,,,,,,,,,,,,,,,,,,,
Pride Demon,Uncommon,17,,,,,,,,,,,,,,,28,,27,,25,,+1 conditional to saves vs. magic,,,,,,,,,,,,,,,,,,,,,,,,,,,,,,,,,,,,,,,
Quasit,Common,1,,,,,,,,,,,,,,,2,,5,,4,,,,,,,,,,,,,,,,,,,,,,,,,,,,,,,,,,,,,,,,,
Slaver Demon,Common,10,,,,,,,,,,,,,,,18,,13,,14,,+1 conditional to saves vs. magic,,,,,,,,,,,,,,,,,,,,,,,,,,,,,,,,,,,,,,,
Slime Demon,Common,12,,,,,,,,,,,,,,,21,,20,,17,,+1 conditional to saves vs. magic,,,,,,,,,,,,,,,,,,,,,,,,,,,,,,,,,,,,,,,
Sloth Demon,Common,2,,,,,,,,,,,,,,,7,,3,,3,,,,,,,,,,,,,,,,,,,,,,,,,,,,,,,,,,,,,,,,,
Toad Demon,Common,11,,,,,,,,,,,,,,,20,,13,,15,,+1 conditional to saves vs. magic,,,,,,,,,,,,,,,,,,,,,,,,,,,,,,,,,,,,,,,
Treachery Demon,Common,13,,,,,,,,,,,,,,,24,,18,,21,,+1 conditional to saves vs. magic,,,,,,,,,,,,,,,,,,,,,,,,,,,,,,,,,,,,,,,
Wrath Demon,Common,9,,,,,,,,,,,,,,,16,,14,,13,,+1 conditional to saves vs. magic,,,,,,,,,,,,,,,,,,,,,,,,,,,,,,,,,,,,,,,
Devastator,Uncommon,22,,,,,,,,,,,,,,,39,,35,,38,,+1 conditional to saves vs. magic,,,,,,,,,,,,,,,,,,,,,,,,,,,,,,,,,,,,,,,
Barbed Devil,Common,10,,,,,,,,,,,,,,,16,,18,,14,,+1 conditional to saves vs. magic,,,,,,,,,,,,,,,,,,,,,,,,,,,,,,,,,,,,,,,
Bearded Devil,Common,5,,,,,,,,,,,,,,,11,,8,,7,,+1 conditional to saves vs. magic,,,,,,,,,,,,,,,,,,,,,,,,,,,,,,,,,,,,,,,
Bone Devil,Common,9,,,,,,,,,,,,,,,15,,15,,13,,+1 conditional to saves vs. magic,,,,,,,,,,,,,,,,,,,,,,,,,,,,,,,,,,,,,,,
Fury Devil,Common,8,,,,,,,,,,,,,,,13,,15,,13,,+1 conditional to saves vs. magic,,,,,,,,,,,,,,,,,,,,,,,,,,,,,,,,,,,,,,,
Horned Devil,Uncommon,16,,,,,,,,,,,,,,,27,,25,,23,,+1 conditional to saves vs. magic,,,,,,,,,,,,,,,,,,,,,,,,,,,,,,,,,,,,,,,
Ice Devil,Uncommon,13,,,,,,,,,,,,,,,23,,21,,20,,+1 conditional to saves vs. magic,,,,,,,,,,,,,,,,,,,,,,,,,,,,,,,,,,,,,,,
Imp,Common,1,,,,,,,,,,,,,,,2,,5,,4,,,,,,,,,,,,,,,,,,,,,,,,,,,,,,,,,,,,,,,,,
Lemure,Common,2,,,,,,,,,,,,,,,6,,4,,2,,,,,,,,,,,,,,,,,,,,,,,,,,,,,,,,,,,,,,,,,
Pit Fiend,Rare,20,,,,,,,,,,,,,,,33,,31,,30,,+1 conditional to saves vs. magic,,,,,,,,,,,,,,,,,,,,,,,,,,,,,,,,,,,,,,,
Deinonychus,Common,2,,,,,,,,,,,,,,,5,,7,,4,,,,,,,,,,,,,,,,,,,,,,,,,,,,,,,,,,,,,,,,,
Ankylosaurus,Common,6,,,,,,,,,,,,,,,14,,9,,7,,,,,,,,,,,,,,,,,,,,,,,,,,,,,,,,,,,,,,,,,
Tyrannosaurus,Common,10,,,,,,,,,,,,,,,19,,15,,14,,,,,,,,,,,,,,,,,,,,,,,,,,,,,,,,,,,,,,,,,
Guard Dog,Common,0,,,,,,,,,,,,,,,4,,2,,-1,,,,,,,,,,,,,,,,,,,,,,,,,,,,,,,,,,,,,,,,,
Riding Dog,Common,1,,,,,,,,,,,,,,,5,,3,,1,,,,,,,,,,,,,,,,,,,,,,,,,,,,,,,,,,,,,,,,,
Doppelganger,Uncommon,3,,,,,,,,,,,,,,,5,,6,,8,,,,,,,,,,,,,,,,,,,,,,,,,,,,,,,,,,,,,,,,,
Young Black Dragon,Uncommon,7,,,,,,,,,,,,,,,14,,10,,12,,,,,,,,,,,,,,,,,,,,,,,,,,,,,,,,,,,,,,,,,
Adult Black Dragon,Uncommon,11,,,,,,,,,,,,,,,20,,15,,17,,+1 conditional to saves vs. magic,,,,,,,,,,,,,,,,,,,,,,,,,,,,,,,,,,,,,,,
Ancient Black Dragon,Uncommon,16,,,,,,,,,,,,,,,28,,23,,25,,+1 conditional to saves vs. magic,,,,,,,,,,,,,,,,,,,,,,,,,,,,,,,,,,,,,,,
Young Blue Dragon,Uncommon,9,,,,,,,,,,,,,,,15,,14,,15,,,,,,,,,,,,,,,,,,,,,,,,,,,,,,,,,,,,,,,,,
Adult Blue Dragon,Uncommon,13,,,,,,,,,,,,,,,23,,21,,23,,+1 conditional to saves vs. magic,,,,,,,,,,,,,,,,,,,,,,,,,,,,,,,,,,,,,,,
Ancient Blue Dragon,Uncommon,18,,,,,,,,,,,,,,,29,,27,,29,,+1 conditional to saves vs. magic,,,,,,,,,,,,,,,,,,,,,,,,,,,,,,,,,,,,,,,
Young Green Dragon,Uncommon,8,,,,,,,,,,,,,,,15,,11,,15,,,,,,,,,,,,,,,,,,,,,,,,,,,,,,,,,,,,,,,,,
Adult Green Dragon,Uncommon,12,,,,,,,,,,,,,,,22,,17,,22,,+1 conditional to saves vs. magic,,,,,,,,,,,,,,,,,,,,,,,,,,,,,,,,,,,,,,,
Ancient Green Dragon,Uncommon,17,,,,,,,,,,,,,,,29,,24,,29,,+1 conditional to saves vs. magic,,,,,,,,,,,,,,,,,,,,,,,,,,,,,,,,,,,,,,,
Young Red Dragon,Uncommon,10,,,,,,,,,,,,,,,18,,14,,15,,,,,,,,,,,,,,,,,,,,,,,,,,,,,,,,,,,,,,,,,
Adult Red Dragon,Uncommon,14,,,,,,,,,,,,,,,25,,20,,22,,+1 conditional to saves vs. magic,,,,,,,,,,,,,,,,,,,,,,,,,,,,,,,,,,,,,,,
Ancient Red Dragon,Uncommon,19,,,,,,,,,,,,,,,32,,27,,29,,+1 conditional to saves vs. magic,,,,,,,,,,,,,,,,,,,,,,,,,,,,,,,,,,,,,,,
Young White Dragon,Uncommon,6,,,,,,,,,,,,,,,13,,11,,9,,,,,,,,,,,,,,,,,,,,,,,,,,,,,,,,,,,,,,,,,
Adult White Dragon,Uncommon,10,,,,,,,,,,,,,,,18,,16,,14,,+1 conditional to saves vs. magic,,,,,,,,,,,,,,,,,,,,,,,,,,,,,,,,,,,,,,,
Ancient White Dragon,Uncommon,15,,,,,,,,,,,,,,,26,,23,,21,,+1 conditional to saves vs. magic,,,,,,,,,,,,,,,,,,,,,,,,,,,,,,,,,,,,,,,
Drider,Common,6,,,,,,,,,,,,,,,10,,9,,13,,+1 conditional to saves vs. magic,,,,,,,,,,,,,,,,,,,,,,,,,,,,,,,,,,,,,,,
Drow Fighter,Common,1,,,,,,,,,,,,,,,3,,5,,4,,"+1 conditional to saves vs. magic, +2 conditional to saves vs. mental",,,,,,,,,,,,,,,,,,,,,,,,,,,,,,,,,,,,,,,
Drow Noble Cleric,Common,3,,,,,,,,,,,,,,,5,,6,,8,,"+1 conditional to saves vs. magic, +2 conditional to saves vs. mental",,,,,,,,,,,,,,,,,,,,,,,,,,,,,,,,,,,,,,,
Dryad,Common,3,,,,,,,,,,,,,,,5,,8,,7,,,,,,,,,,,,,,,,,,,,,,,,,,,,,,,,,,,,,,,,,
Electric Eel,Common,1,,,,,,,,,,,,,,,4,,5,,3,,,,,,,,,,,,,,,,,,,,,,,,,,,,,,,,,,,,,,,,,
Air Mephit,Common,1,,,,,,,,,,,,,,,2,,6,,3,,,,,,,,,,,,,,,,,,,,,,,,,,,,,,,,,,,,,,,,,
Minor Air Elemental,Common,3,,,,,,,,,,,,,,,4,,9,,5,,,,,,,,,,,,,,,,,,,,,,,,,,,,,,,,,,,,,,,,,
Lesser Air Elemental,Common,5,,,,,,,,,,,,,,,7,,13,,8,,,,,,,,,,,,,,,,,,,,,,,,,,,,,,,,,,,,,,,,,
Major Air Elemental,Common,7,,,,,,,,,,,,,,,10,,15,,10,,,,,,,,,,,,,,,,,,,,,,,,,,,,,,,,,,,,,,,,,
Greater Air Elemental,Common,9,,,,,,,,,,,,,,,13,,17,,13,,,,,,,,,,,,,,,,,,,,,,,,,,,,,,,,,,,,,,,,,
Elder Air Elemental,Common,11,,,,,,,,,,,,,,,15,,21,,15,,,,,,,,,,,,,,,,,,,,,,,,,,,,,,,,,,,,,,,,,
Earth Mephit,Common,1,,,,,,,,,,,,,,,5,,2,,4,,,,,,,,,,,,,,,,,,,,,,,,,,,,,,,,,,,,,,,,,
Minor Earth Elemental,Common,3,,,,,,,,,,,,,,,8,,4,,6,,,,,,,,,,,,,,,,,,,,,,,,,,,,,,,,,,,,,,,,,
Lesser Earth Elemental,Common,5,,,,,,,,,,,,,,,12,,7,,9,,,,,,,,,,,,,,,,,,,,,,,,,,,,,,,,,,,,,,,,,
Major Earth Elemental,Common,7,,,,,,,,,,,,,,,14,,9,,11,,,,,,,,,,,,,,,,,,,,,,,,,,,,,,,,,,,,,,,,,
Greater Earth Elemental,Common,9,,,,,,,,,,,,,,,16,,12,,14,,,,,,,,,,,,,,,,,,,,,,,,,,,,,,,,,,,,,,,,,
Elder Earth Elemental,Common,11,,,,,,,,,,,,,,,20,,14,,16,,,,,,,,,,,,,,,,,,,,,,,,,,,,,,,,,,,,,,,,,
Fire Mephit,Common,1,,,,,,,,,,,,,,,4,,5,,3,,,,,,,,,,,,,,,,,,,,,,,,,,,,,,,,,,,,,,,,,
Minor Fire Elemental,Common,3,,,,,,,,,,,,,,,6,,8,,5,,,,,,,,,,,,,,,,,,,,,,,,,,,,,,,,,,,,,,,,,
Lesser Fire Elemental,Common,5,,,,,,,,,,,,,,,9,,12,,8,,,,,,,,,,,,,,,,,,,,,,,,,,,,,,,,,,,,,,,,,
Major Fire Elemental,Common,7,,,,,,,,,,,,,,,11,,14,,10,,,,,,,,,,,,,,,,,,,,,,,,,,,,,,,,,,,,,,,,,
Greater Fire Elemental,Common,9,,,,,,,,,,,,,,,14,,16,,13,,,,,,,,,,,,,,,,,,,,,,,,,,,,,,,,,,,,,,,,,
Elder Fire Elemental,Common,11,,,,,,,,,,,,,,,16,,20,,15,,,,,,,,,,,,,,,,,,,,,,,,,,,,,,,,,,,,,,,,,
Water Mephit,Common,1,,,,,,,,,,,,,,,4,,5,,3,,,,,,,,,,,,,,,,,,,,,,,,,,,,,,,,,,,,,,,,,
Minor Water Elemental,Common,3,,,,,,,,,,,,,,,6,,8,,5,,,,,,,,,,,,,,,,,,,,,,,,,,,,,,,,,,,,,,,,,
Lesser Water Elemental,Common,5,,,,,,,,,,,,,,,9,,12,,8,,,,,,,,,,,,,,,,,,,,,,,,,,,,,,,,,,,,,,,,,
Major Water Elemental,Common,7,,,,,,,,,,,,,,,11,,14,,10,,,,,,,,,,,,,,,,,,,,,,,,,,,,,,,,,,,,,,,,,
Greater Water Elemental,Common,7,,,,,,,,,,,,,,,14,,16,,13,,,,,,,,,,,,,,,,,,,,,,,,,,,,,,,,,,,,,,,,,
Elder Water Elemental,Common,11,,,,,,,,,,,,,,,17,,20,,15,,,,,,,,,,,,,,,,,,,,,,,,,,,,,,,,,,,,,,,,,
Mastadon,Common,8,,,,,,,,,,,,,,,15,,12,,11,,,,,,,,,,,,,,,,,,,,,,,,,,,,,,,,,,,,,,,,,
Ettin,Common,6,,,,,,,,,,,,,,,13,,9,,11,,,,,,,,,,,,,,,,,,,,,,,,,,,,,,,,,,,,,,,,,
Gargoyle,Common,4,,,,,,,,,,,,,,,9,,6,,6,,,,,,,,,,,,,,,,,,,,,,,,,,,,,,,,,,,,,,,,,
Gelatinous Cube,Common,3,,,,,,,,,,,,,,,8,,3,,3,,,,,,,,,,,,,,,,,,,,,,,,,,,,,,,,,,,,,,,,,
Efreeti,Uncommon,9,,,,,,,,,,,,,,,14,,15,,16,,,,,,,,,,,,,,,,,,,,,,,,,,,,,,,,,,,,,,,,,
Janni,Common,4,,,,,,,,,,,,,,,9,,10,,7,,,,,,,,,,,,,,,,,,,,,,,,,,,,,,,,,,,,,,,,,
Ghost Commoner,Common,4,,,,,,,,,,,,,,,6,,9,,8,,,,,,,,,,,,,,,,,,,,,,,,,,,,,,,,,,,,,,,,,
Ghost Soldier,Common,7,,,,,,,,,,,,,,,12,,10,,13,,,,,,,,,,,,,,,,,,,,,,,,,,,,,,,,,,,,,,,,,
Ghost Mage,Common,10,,,,,,,,,,,,,,,13,,14,,16,,,,,,,,,,,,,,,,,,,,,,,,,,,,,,,,,,,,,,,,,
Ghoul,Common,1,,,,,,,,,,,,,,,3,,4,,5,,,,,,,,,,,,,,,,,,,,,,,,,,,,,,,,,,,,,,,,,
Ghast,Common,3,,,,,,,,,,,,,,,5,,5,,8,,,,,,,,,,,,,,,,,,,,,,,,,,,,,,,,,,,,,,,,,
Fire Giant,Common,10,,,,,,,,,,,,,,,18,,14,,16,,,,,,,,,,,,,,,,,,,,,,,,,,,,,,,,,,,,,,,,,
Frost Giant,Common,9,,,,,,,,,,,,,,,16,,13,,14,,,,,,,,,,,,,,,,,,,,,,,,,,,,,,,,,,,,,,,,,
Hill Giant,Common,7,,,,,,,,,,,,,,,14,,10,,8,,,,,,,,,,,,,,,,,,,,,,,,,,,,,,,,,,,,,,,,,
Rune Giant,Uncommon,16,,,,,,,,,,,,,,,26,,22,,28,,,,,,,,,,,,,,,,,,,,,,,,,,,,,,,,,,,,,,,,,
Stone Giant,Common,7,,,,,,,,,,,,,,,15,,11,,13,,,,,,,,,,,,,,,,,,,,,,,,,,,,,,,,,,,,,,,,,
Gnoll Warrier,Common,2,,,,,,,,,,,,,,,6,,7,,4,,,,,,,,,,,,,,,,,,,,,,,,,,,,,,,,,,,,,,,,,
Gnoll Sergeant,Common,4,,,,,,,,,,,,,,,7,,10,,9,,,,,,,,,,,,,,,,,,,,,,,,,,,,,,,,,,,,,,,,,
Goblin Warrior,Common,0,,,,,,,,,,,,,,,1,,4,,0,,,,,,,,,,,,,,,,,,,,,,,,,,,,,,,,,,,,,,,,,
Goblin Commando,Common,1,,,,,,,,,,,,,,,5,,5,,3,,,,,,,,,,,,,,,,,,,,,,,,,,,,,,,,,,,,,,,,,
Goblin Pyro,Common,1,,,,,,,,,,,,,,,3,,5,,1,,,,,,,,,,,,,,,,,,,,,,,,,,,,,,,,,,,,,,,,,
Goblin War Chanter,Common,1,,,,,,,,,,,,,,,3,,5,,4,,,,,,,,,,,,,,,,,,,,,,,,,,,,,,,,,,,,,,,,,
Goblin Dog,Common,1,,,,,,,,,,,,,,,5,,5,,3,,,,,,,,,,,,,,,,,,,,,,,,,,,,,,,,,,,,,,,,,
Adamantine Golem,Rare,18,,,,,,,,,,,,,,,33,,22,,23,,,,,,,,,,,,,,,,,,,,,,,,,,,,,,,,,,,,,,,,,
Clay Golem,Uncommon,10,,,,,,,,,,,,,,,18,,13,,13,,,,,,,,,,,,,,,,,,,,,,,,,,,,,,,,,,,,,,,,,
Flesh Golem,Uncommon,8,,,,,,,,,,,,,,,15,,10,,10,,,,,,,,,,,,,,,,,,,,,,,,,,,,,,,,,,,,,,,,,
Iron Golem,Uncommon,13,,,,,,,,,,,,,,,24,,17,,18,,,,,,,,,,,,,,,,,,,,,,,,,,,,,,,,,,,,,,,,,
Stone Golen,Uncommon,11,,,,,,,,,,,,,,,20,,15,,14,,,,,,,,,,,,,,,,,,,,,,,,,,,,,,,,,,,,,,,,,
Gray Ooze,Common,2,,,,,,,,,,,,,,,7,,2,,2,,,,,,,,,,,,,,,,,,,,,,,,,,,,,,,,,,,,,,,,,
Grendel,Unique,19,,,,,,,,,,,,,,,34,,32,,28,,,,,,,,,,,,,,,,,,,,,,,,,,,,,,,,,,,,,,,,,
Grim Reaper,Unique,21,,,,,,,,,,,,,,,34,,35,,36,,+1 conditional to saves vs. magic,,,,,,,,,,,,,,,,,,,,,,,,,,,,,,,,,,,,,,,
Green Hag,Common,4,,,,,,,,,,,,,,,7,,8,,9,,+1 conditional to saves vs. magic,,,,,,,,,,,,,,,,,,,,,,,,,,,,,,,,,,,,,,,
Night Hag,Uncommon,9,,,,,,,,,,,,,,,15,,14,,16,,"+2 conditional to saves vs. magic, -2 to saves if hearthstone is missing",,,,,,,,,,,,,,,,,,,,,,,,,,,,,,,,,,,,,,,
Harpy,Common,5,,,,,,,,,,,,,,,10,,12,,9,,,,,,,,,,,,,,,,,,,,,,,,,,,,,,,,,,,,,,,,,
Hell Hound,Common,3,,,,,,,,,,,,,,,7,,6,,5,,,,,,,,,,,,,,,,,,,,,,,,,,,,,,,,,,,,,,,,,
Hobgoblin Soldier,Common,1,,,,,,,,,,,,,,,5,,4,,3,,,,,,,,,,,,,,,,,,,,,,,,,,,,,,,,,,,,,,,,,
Hobgoblin Sniper,Common,4,,,,,,,,,,,,,,,7,,10,,8,,,,,,,,,,,,,,,,,,,,,,,,,,,,,,,,,,,,,,,,,
Homonculus,Common,0,,,,,,,,,,,,,,,0,,3,,1,,,,,,,,,,,,,,,,,,,,,,,,,,,,,,,,,,,,,,,,,
Riding Pony,Common,0,,,,,,,,,,,,,,,4,,1,,0,,,,,,,,,,,,,,,,,,,,,,,,,,,,,,,,,,,,,,,,,
Riding Horse,Common,1,,,,,,,,,,,,,,,5,,3,,2,,,,,,,,,,,,,,,,,,,,,,,,,,,,,,,,,,,,,,,,,
War Pony,Common,1,,,,,,,,,,,,,,,5,,3,,2,,,,,,,,,,,,,,,,,,,,,,,,,,,,,,,,,,,,,,,,,
War Horse,Common,2,,,,,,,,,,,,,,,7,,4,,3,,,,,,,,,,,,,,,,,,,,,,,,,,,,,,,,,,,,,,,,,
Hydra,Common,6,,,,,,,,,,,,,,,13,,10,,8,,,,,,,,,,,,,,,,,,,,,,,,,,,,,,,,,,,,,,,,,
Hyena,Common,1,,,,,,,,,,,,,,,4,,4,,2,,,,,,,,,,,,,,,,,,,,,,,,,,,,,,,,,,,,,,,,,
Hyaenodon,Common,3,,,,,,,,,,,,,,,7,,7,,5,,,,,,,,,,,,,,,,,,,,,,,,,,,,,,,,,,,,,,,,,
Jabberwock,Unique,23,,,,,,,,,,,,,,,42,,37,,38,,+1 conditional to saves vs. magic,,,,,,,,,,,,,,,,,,,,,,,,,,,,,,,,,,,,,,,
Kobold Warrior,Common,0,,,,,,,,,,,,,,,1,,4,,2,,,,,,,,,,,,,,,,,,,,,,,,,,,,,,,,,,,,,,,,,
Kobold Scout,Common,1,,,,,,,,,,,,,,,1,,5,,3,,,,,,,,,,,,,,,,,,,,,,,,,,,,,,,,,,,,,,,,,
Kobold Dragon Mage,Common,2,,,,,,,,,,,,,,,2,,6,,6,,,,,,,,,,,,,,,,,,,,,,,,,,,,,,,,,,,,,,,,,
Kraken,Uncommon,18,,,,,,,,,,,,,,,30,,25,,27,+2 conditional to saves vs. mental,,,,,,,,,,,,,,,,,,,,,,,,,,,,,,,,,,,,,,,,
Leng Spider,Uncommon,13,,,,,,,,,,,,,,,22,,23,,20,,+1 conditional to saves vs. magic,,,,,,,,,,,,,,,,,,,,,,,,,,,,,,,,,,,,,,,
Lich,Uncommon,12,,,,,,,,,,,,,,,17,,16,,22,,+1 conditional to saves vs. positive,,,,,,,,,,,,,,,,,,,,,,,,,,,,,,,,,,,,,,,
Demilich,Rare,15,,,,,,,,,,,,,,,20,,24,,27,,+1 conditional to saves vs. positive,,,,,,,,,,,,,,,,,,,,,,,,,,,,,,,,,,,,,,,
Lizardfolk Warrior,Common,1,,,,,,,,,,,,,,,5,,4,,3,,,,,,,,,,,,,,,,,,,,,,,,,,,,,,,,,,,,,,,,,
Lizardfolk Scout,Common,1,,,,,,,,,,,,,,,3,,5,,4,,,,,,,,,,,,,,,,,,,,,,,,,,,,,,,,,,,,,,,,,
Lizardfolk Druid,Common,2,,,,,,,,,,,,,,,5,,4,,7,,,,,,,,,,,,,,,,,,,,,,,,,,,,,,,,,,,,,,,,,
Manticore,Common,6,,,,,,,,,,,,,,,13,,10,,7,,,,,,,,,,,,,,,,,,,,,,,,,,,,,,,,,,,,,,,,,
Medusa,Common,7,,,,,,,,,,,,,,,12,,13,,11,,,,,,,,,,,,,,,,,,,,,,,,,,,,,,,,,,,,,,,,,
Mimic,Common,4,,,,,,,,,,,,,,,7,,7,,7,,,,,,,,,,,,,,,,,,,,,,,,,,,,,,,,,,,,,,,,,
Minotaur,Common,4,,,,,,,,,,,,,,,10,,6,,7,,,,,,,,,,,,,,,,,,,,,,,,,,,,,,,,,,,,,,,,,
Mu Spore,Common,21,,,,,,,,,,,,,,,36,,30,,32,,,,,,,,,,,,,,,,,,,,,,,,,,,,,,,,,,,,,,,,,
Mummy Guard,Common,2,,,,,,,,,,,,,,,4,,2,,7,,,,,,,,,,,,,,,,,,,,,,,,,,,,,,,,,,,,,,,,,
Mummy Retainer,Common,6,,,,,,,,,,,,,,,9,,6,,12,,,,,,,,,,,,,,,,,,,,,,,,,,,,,,,,,,,,,,,,,
Mummy Pharaoh,Uncommon,9,,,,,,,,,,,,,,,12,,9,,15,,+1 conditional to saves vs. positive,,,,,,,,,,,,,,,,,,,,,,,,,,,,,,,,,,,,,,,
Nightmare,Common,6,,,,,,,,,,,,,,,12,,10,,9,,,,,,,,,,,,,,,,,,,,,,,,,,,,,,,,,,,,,,,,,
Norn,Rare,18,,,,,,,,,,,,,,,26,,25,,30,,"+4 conditional to saves vs. death, +1 conditional to saves vs. magic, +4 conditional to saves vs. mental",,,,,,,,,,,,,,,,,,,,,,,,,,,,,,,,,,,,,,,
Ochre Jelly,Common,5,,,,,,,,,,,,,,,13,,5,,5,,,,,,,,,,,,,,,,,,,,,,,,,,,,,,,,,,,,,,,,,
Ogre,Common,3,,,,,,,,,,,,,,,8,,3,,5,,,,,,,,,,,,,,,,,,,,,,,,,,,,,,,,,,,,,,,,,
Fire Yai,Uncommon,14,,,,,,,,,,,,,,,25,,20,,20,,+1 conditional to saves vs. magic,,,,,,,,,,,,,,,,,,,,,,,,,,,,,,,,,,,,,,,
Ice Yai,Uncommonj,13,,,,,,,,,,,,,,,22,,23,,19,,+1 conditional to saves vs. magic,,,,,,,,,,,,,,,,,,,,,,,,,,,,,,,,,,,,,,,
Ogre Mage,Common,8,,,,,,,,,,,,,,,14,,13,,12,,,,,,,,,,,,,,,,,,,,,,,,,,,,,,,,,,,,,,,,,
Water Yai,Uncommon,17,,,,,,,,,,,,,,,28,,25,,26,,+1 conditional to saves vs. magic,,,,,,,,,,,,,,,,,,,,,,,,,,,,,,,,,,,,,,,
Orc Brute,Common,0,,,,,,,,,,,,,,,3,,1,,-1,+1 conditional to saves vs. magic,,,,,,,,,,,,,,,,,,,,,,,,,,,,,,,,,,,,,,,,
Orc Warrior,Common,1,,,,,,,,,,,,,,,4,,3,,1,+1 conditional to saves vs. magic,,,,,,,,,,,,,,,,,,,,,,,,,,,,,,,,,,,,,,,,
Orc Warchief,Common,2,,,,,,,,,,,,,,,7,,5,,4,,,,,,,,,,,,,,,,,,,,,,,,,,,,,,,,,,,,,,,,,
Otyugh,Common,4,,,,,,,,,,,,,,,10,,5,,8,,,,,,,,,,,,,,,,,,,,,,,,,,,,,,,,,,,,,,,,,
Owlbear,Common,4,,,,,,,,,,,,,,,10,,5,,6,,,,,,,,,,,,,,,,,,,,,,,,,,,,,,,,,,,,,,,,,
Donkey,Common,0,,,,,,,,,,,,,,,4,,1,,0,,,,,,,,,,,,,,,,,,,,,,,,,,,,,,,,,,,,,,,,,
Phoenix,Rare,15,,,,,,,,,,,,,,,23,,26,,22,,+1 conditional to saves vs. magic,,,,,,,,,,,,,,,,,,,,,,,,,,,,,,,,,,,,,,,
Poltergeist,Common,5,,,,,,,,,,,,,,,8,,10,,11,,,,,,,,,,,,,,,,,,,,,,,,,,,,,,,,,,,,,,,,,
Pteranodon,Common,2,,,,,,,,,,,,,,,3,,6,,2,,,,,,,,,,,,,,,,,,,,,,,,,,,,,,,,,,,,,,,,,
Quetzalcoatlus,Common,7,,,,,,,,,,,,,,,10,,14,,9,,,,,,,,,,,,,,,,,,,,,,,,,,,,,,,,,,,,,,,,,
Purpleworm,Uncommon,13,,,,,,,,,,,,,,,26,,16,,18,,,,,,,,,,,,,,,,,,,,,,,,,,,,,,,,,,,,,,,,,
Rakshasa,Uncommon,10,,,,,,,,,,,,,,,14,,18,,16,,"+2 conditional to saves vs. magic, +3 conditional to saves vs. divine magic",,,,,,,,,,,,,,,,,,,,,,,,,,,,,,,,,,,,,,,
Giant Rat,Common,0,,,,,,,,,,,,,,,3,,3,,1,,,,,,,,,,,,,,,,,,,,,,,,,,,,,,,,,,,,,,,,,
Rat Swarm,Common,1,,,,,,,,,,,,,,,1,,5,,0,,,,,,,,,,,,,,,,,,,,,,,,,,,,,,,,,,,,,,,,,
Redcap,Common,5,,,,,,,,,,,,,,,8,,11,,9,,,,,,,,,,,,,,,,,,,,,,,,,,,,,,,,,,,,,,,,,
Reefclaw,Common,1,,,,,,,,,,,,,,,4,,3,,3,,,,,,,,,,,,,,,,,,,,,,,,,,,,,,,,,,,,,,,,,
Roc,Common,9,,,,,,,,,,,,,,,16,,13,,11,,,,,,,,,,,,,,,,,,,,,,,,,,,,,,,,,,,,,,,,,
Roper,Uncommon,10,,,,,,,,,,,,,,,15,,12,,17,,+2 conditional to saves vs. magic,,,,,,,,,,,,,,,,,,,,,,,,,,,,,,,,,,,,,,,
Rusalka,Common,12,,,,,,,,,,,,,,,16,,22,,20,,+1 conditional to saves vs. magic,,,,,,,,,,,,,,,,,,,,,,,,,,,,,,,,,,,,,,,
Rust Monster,Common,3,,,,,,,,,,,,,,,6,,7,,5,,,,,,,,,,,,,,,,,,,,,,,,,,,,,,,,,,,,,,,,,
Sahuagin Warrior,Common,2,,,,,,,,,,,,,,,7,,6,,5,,,,,,,,,,,,,,,,,,,,,,,,,,,,,,,,,,,,,,,,,
Sahuagin Mutant,Common,4,,,,,,,,,,,,,,,10,,7,,6,,,,,,,,,,,,,,,,,,,,,,,,,,,,,,,,,,,,,,,,,
Salamander,Common,6,,,,,,,,,,,,,,,13,,8,,9,,,,,,,,,,,,,,,,,,,,,,,,,,,,,,,,,,,,,,,,,
Sandpoint Devil,Unique,8,,,,,,,,,,,,,,,15,,11,,14,,,,,,,,,,,,,,,,,,,,,,,,,,,,,,,,,,,,,,,,,
Saxra,Uncommon,18,,,,,,,,,,,,,,,27,,29,,26,,+1 conditional to saves vs. positive,,,,,,,,,,,,,,,,,,,,,,,,,,,,,,,,,,,,,,,
Giant Scorpion,Common,3,,,,,,,,,,,,,,,8,,6,,4,,,,,,,,,,,,,,,,,,,,,,,,,,,,,,,,,,,,,,,,,
Sea Serpent,Uncommon,12,,,,,,,,,,,,,,,22,,19,,16,,,,,,,,,,,,,,,,,,,,,,,,,,,,,,,,,,,,,,,,,
Serpentfolk,Uncommon,2,,,,,,,,,,,,,,,5,,6,,7,,"+1 conditional to saves vs. magic, +4 conditional to saves vs. mental",,,,,,,,,,,,,,,,,,,,,,,,,,,,,,,,,,,,,,,
Degenerate Serpentfolk,Uncommon,3,,,,,,,,,,,,,,,8,,5,,3,,"+1 conditional to saves vs. magic, +4 conditional to saves vs. mental",,,,,,,,,,,,,,,,,,,,,,,,,,,,,,,,,,,,,,,
Sewer Ooze,Common,1,,,,,,,,,,,,,,,5,,1,,1,,,,,,,,,,,,,,,,,,,,,,,,,,,,,,,,,,,,,,,,,
Shadow,Common,4,,,,,,,,,,,,,,,7,,7,,8,,,,,,,,,,,,,,,,,,,,,,,,,,,,,,,,,,,,,,,,,
Greater Shadow,Common,7,,,,,,,,,,,,,,,11,,11,,12,,,,,,,,,,,,,,,,,,,,,,,,,,,,,,,,,,,,,,,,,
Shambler,Common,6,,,,,,,,,,,,,,,13,,8,,10,,,,,,,,,,,,,,,,,,,,,,,,,,,,,,,,,,,,,,,,,
Blue Shark,Common,2,,,,,,,,,,,,,,,7,,4,,3,,,,,,,,,,,,,,,,,,,,,,,,,,,,,,,,,,,,,,,,,
Great White Shark,Common,4,,,,,,,,,,,,,,,10,,6,,5,,,,,,,,,,,,,,,,,,,,,,,,,,,,,,,,,,,,,,,,,
Megalodon,Uncommon,9,,,,,,,,,,,,,,,17,,13,,11,,,,,,,,,,,,,,,,,,,,,,,,,,,,,,,,,,,,,,,,,
Shoggoth,Rare,18,,,,,,,,,,,,,,,30,,22,,27,,,,,,,,,,,,,,,,,,,,,,,,,,,,,,,,,,,,,,,,,
Sinspawn,Common,2,,,,,,,,,,,,,,,6,,4,,7,,"+1 conditional to saves vs. magic, +4 conditional to saves vs. mental",,,,,,,,,,,,,,,,,,,,,,,,,,,,,,,,,,,,,,,
Skeleton Guard,Common,0,,,,,,,,,,,,,,,1,,3,,1,,,,,,,,,,,,,,,,,,,,,,,,,,,,,,,,,,,,,,,,,
Skeletal Champion,Common,2,,,,,,,,,,,,,,,5,,3,,4,,+1 conditional to saves vs. positive,,,,,,,,,,,,,,,,,,,,,,,,,,,,,,,,,,,,,,,
Viper,Common,0,,,,,,,,,,,,,,,0,,4,,1,,,,,,,,,,,,,,,,,,,,,,,,,,,,,,,,,,,,,,,,,
Ball Python,Common,1,,,,,,,,,,,,,,,5,,5,,2,,,,,,,,,,,,,,,,,,,,,,,,,,,,,,,,,,,,,,,,,
Giant Viper,Common,2,,,,,,,,,,,,,,,6,,6,,4,,,,,,,,,,,,,,,,,,,,,,,,,,,,,,,,,,,,,,,,,
Giant Anaconda,Common,8,,,,,,,,,,,,,,,16,,12,,10,,,,,,,,,,,,,,,,,,,,,,,,,,,,,,,,,,,,,,,,,
Hunting Spider,Common,1,,,,,,,,,,,,,,,4,,5,,3,,,,,,,,,,,,,,,,,,,,,,,,,,,,,,,,,,,,,,,,,
Spider Swarm,Common,0,,,,,,,,,,,,,,,1,,4,,1,,,,,,,,,,,,,,,,,,,,,,,,,,,,,,,,,,,,,,,,,
Goliath Spider,Common,11,,,,,,,,,,,,,,,20,,15,,14,,,,,,,,,,,,,,,,,,,,,,,,,,,,,,,,,,,,,,,,,
Star-Spawn of Cthulhu,Rare,20,,,,,,,,,,,,,,,32,,29,,34,+4 conditional to saves vs. mental,+3 conditional to saves vs. magic,,,,,,,,,,,,,,,,,,,,,,,,,,,,,,,,,,,,,,,
Thanatotic Titan,Rare,22,,,,,,,,,,,,,,,34,,32,,34,,+3 conditional to saves vs. mental. +2 conditional to saves vs. divine,,,,,,,,,,,,,,,,,,,,,,,,,,,,,,,,,,,,,,,
Treant,Common,8,,,,,,,,,,,,,,,15,,9,,12,,,,,,,,,,,,,,,,,,,,,,,,,,,,,,,,,,,,,,,,,
Animated Tree,Common,6,,,,,,,,,,,,,,,14,,6,,9,,,,,,,,,,,,,,,,,,,,,,,,,,,,,,,,,,,,,,,,,
Troll,Common,5,,,,,,,,,,,,,,,13,,8,,5,,,,,,,,,,,,,,,,,,,,,,,,,,,,,,,,,,,,,,,,,
Unseen Servant,Common,0,,,,,,,,,,,,,,,0,,4,,0,,,,,,,,,,,,,,,,,,,,,,,,,,,,,,,,,,,,,,,,,
Valkyrie,Uncommon,12,,,,,,,,,,,,,,,21,,18,,21,,+1 conditional to saves vs. magic,,,,,,,,,,,,,,,,,,,,,,,,,,,,,,,,,,,,,,,
Vampire Count,Uncommon,6,,,,,,,,,,,,,,,9,,10,,13,,+1 conditional to saves vs. positive,,,,,,,,,,,,,,,,,,,,,,,,,,,,,,,,,,,,,,,
Vampire Spawn Rogue,Common,4,,,,,,,,,,,,,,,6,,10,,7,,+1 conditional to saves vs. positive,,,,,,,,,,,,,,,,,,,,,,,,,,,,,,,,,,,,,,,
Vampire Wizard,Uncommon,9,,,,,,,,,,,,,,,14,,12,,16,,+1 conditional to saves vs. positive,,,,,,,,,,,,,,,,,,,,,,,,,,,,,,,,,,,,,,,
Vargouille,Uncommon,2,,,,,,,,,,,,,,,7,,5,,4,,,,,,,,,,,,,,,,,,,,,,,,,,,,,,,,,,,,,,,,,
Warg,Common,2,,,,,,,,,,,,,,,7,,5,,4,,,,,,,,,,,,,,,,,,,,,,,,,,,,,,,,,,,,,,,,,
Winter Wolf,Common,5,,,,,,,,,,,,,,,11,,9,,9,,,,,,,,,,,,,,,,,,,,,,,,,,,,,,,,,,,,,,,,,
Warsworn,Uncommon,16,,,,,,,,,,,,,,,28,,20,,24,,+1 conditional to saves vs. positive,,,,,,,,,,,,,,,,,,,,,,,,,,,,,,,,,,,,,,,
Wendigo,Uncommon,17,,,,,,,,,,,,,,,29,,27,,23,,+1 conditional to saves vs. magic,,,,,,,,,,,,,,,,,,,,,,,,,,,,,,,,,,,,,,,
Wererat Rogue,Common,2,,,,,,,,,,,,,,,4,,7,,6,,,,,,,,,,,,,,,,,,,,,,,,,,,,,,,,,,,,,,,,,
Werewolf Gither,Common,3,,,,,,,,,,,,,,,8,,5,,6,,,,,,,,,,,,,,,,,,,,,,,,,,,,,,,,,,,,,,,,,
Wight,Common,3,,,,,,,,,,,,,,,8,,5,,7,,,,,,,,,,,,,,,,,,,,,,,,,,,,,,,,,,,,,,,,,
Will-O'-Wisp,Common,6,,,,,,,,,,,,,,,7,,14,,8,,,,,,,,,,,,,,,,,,,,,,,,,,,,,,,,,,,,,,,,,
Wolf,Common,1,,,,,,,,,,,,,,,3,,5,,3,,,,,,,,,,,,,,,,,,,,,,,,,,,,,,,,,,,,,,,,,
Wraith,Common,6,,,,,,,,,,,,,,,7,,10,,11,,+1 conditional to saves vs. positive,,,,,,,,,,,,,,,,,,,,,,,,,,,,,,,,,,,,,,,
Dread Wraith,Common,9,,,,,,,,,,,,,,,11,,13,,14,,+2 conditional to saves vs. positive,,,,,,,,,,,,,,,,,,,,,,,,,,,,,,,,,,,,,,,
Xulgath Warrior,Common,1,,,,,,,,,,,,,,,6,,1,,3,,,,,,,,,,,,,,,,,,,,,,,,,,,,,,,,,,,,,,,,,
Yeti,Uncommon,5,,,,,,,,,,,,,,,7,,8,,4,,+4 conditional to saves vs. fear and dreams,,,,,,,,,,,,,,,,,,,,,,,,,,,,,,,,,,,,,,,
Zombie Shambler,Common,0,,,,,,,,,,,,,,,5,,-1,,0,,,,,,,,,,,,,,,,,,,,,,,,,,,,,,,,,,,,,,,,,
Plague Zombie,Common,1,,,,,,,,,,,,,,,6,,1,,2,,,,,,,,,,,,,,,,,,,,,,,,,,,,,,,,,,,,,,,,,
Zombie Brute,Common,2,,,,,,,,,,,,,,,8,,2,,3,,,,,,,,,,,,,,,,,,,,,,,,,,,,,,,,,,,,,,,,,
